<?xml version="1.0" encoding="UTF-8" standalone="yes"?>
<app version="0.12">
  <name>Bolt Thrower</name>
  <coder>Paul Overy</coder>
  <version>v0.12</version>
  <release_date>201012030000</release_date>
  <short_description>Demo showing proof of concept</short_description>
  <long_description>Bolt Thrower Demo - nothing more than proof of concept
VISIT: http://wiibrew.org/wiki/BoltThrower
NEDED: Art work or ideas are very welcome
CONTROLS:(A) Fire missle
(B) Thrust forward
(-)/(+) turn bothersome text on/off
(Home) Back to Homebrew Channel</long_description>
</app>
